Property~Id элемента~Id;Property~Имя~DisplayName;Property~Полное имя~FullName;Property~Классификация~ItemTypeDisplayName;Link~Прием значения из~MasterSCADA.ReadValue;Link~Передача значения в~MasterSCADA.ReadValue
2227018;Название механизма;Объекты.Сигналы и экземпляры.Узел 2.Механизмы.Gate_ZP_2_1.Название механизма;MasterSCADA.Attribute;;
2227019;Текущий режим;Объекты.Сигналы и экземпляры.Узел 2.Механизмы.Gate_ZP_2_1.Текущий режим;MasterSCADA.Attribute;;
2227020;Текущее положение;Объекты.Сигналы и экземпляры.Узел 2.Механизмы.Gate_ZP_2_1.Текущее положение;MasterSCADA.Attribute;;
2227021;Уставка;Объекты.Сигналы и экземпляры.Узел 2.Механизмы.Gate_ZP_2_1.Уставка;MasterSCADA.Attribute;;
2227022;Подпись при наведении;Объекты.Сигналы и экземпляры.Узел 2.Механизмы.Gate_ZP_2_1.Подпись при наведении;MasterSCADA.Attribute;;
2227023;Слово состояния;Объекты.Сигналы и экземпляры.Узел 2.Механизмы.Gate_ZP_2_1.Слово состояния;MasterSCADA.Attribute;;
2227024;Слово положения;Объекты.Сигналы и экземпляры.Узел 2.Механизмы.Gate_ZP_2_1.Слово положения;MasterSCADA.Attribute;;
2227025;Блокировка управления;Объекты.Сигналы и экземпляры.Узел 2.Механизмы.Gate_ZP_2_1.Блокировка управления;MasterSCADA.Attribute;;
2227026;В процессе открывания;Объекты.Сигналы и экземпляры.Узел 2.Механизмы.Gate_ZP_2_1.В процессе открывания;MasterSCADA.Attribute;;
2227027;В процессе закрывания;Объекты.Сигналы и экземпляры.Узел 2.Механизмы.Gate_ZP_2_1.В процессе закрывания;MasterSCADA.Attribute;;
2227028;Автоматический режим;Объекты.Сигналы и экземпляры.Узел 2.Механизмы.Gate_ZP_2_1.Автоматический режим;MasterSCADA.Attribute;;
2227029;Ручной режим;Объекты.Сигналы и экземпляры.Узел 2.Механизмы.Gate_ZP_2_1.Ручной режим;MasterSCADA.Attribute;;
2227030;Статус режим;Объекты.Сигналы и экземпляры.Узел 2.Механизмы.Gate_ZP_2_1.Статус режим;MasterSCADA.Attribute;;
2227031;Сброс;Объекты.Сигналы и экземпляры.Узел 2.Механизмы.Gate_ZP_2_1.Сброс;MasterSCADA.Attribute;;
2227032;Открыть;Объекты.Сигналы и экземпляры.Узел 2.Механизмы.Gate_ZP_2_1.Открыть;MasterSCADA.Attribute;;
2227033;Закрыть;Объекты.Сигналы и экземпляры.Узел 2.Механизмы.Gate_ZP_2_1.Закрыть;MasterSCADA.Attribute;;
2227034;Подтверждение уставки;Объекты.Сигналы и экземпляры.Узел 2.Механизмы.Gate_ZP_2_1.Подтверждение уставки;MasterSCADA.Attribute;;
2227035;Местный режим;Объекты.Сигналы и экземпляры.Узел 2.Механизмы.Gate_ZP_2_1.Местный режим;MasterSCADA.Attribute;;
2227036;Дистанционный режим;Объекты.Сигналы и экземпляры.Узел 2.Механизмы.Gate_ZP_2_1.Дистанционный режим;MasterSCADA.Attribute;;
2227037;Регулируемая_НеРегулируемая;Объекты.Сигналы и экземпляры.Узел 2.Механизмы.Gate_ZP_2_1.Регулируемая_НеРегулируемая;MasterSCADA.Attribute;;
2227038;Ключ управления;Объекты.Сигналы и экземпляры.Узел 2.Механизмы.Gate_ZP_2_1.Ключ управления;MasterSCADA.Attribute;;
2227051;Название механизма;Объекты.Сигналы и экземпляры.Узел 2.Механизмы.Gate_ZP_2_2.Название механизма;MasterSCADA.Attribute;;
2227052;Текущий режим;Объекты.Сигналы и экземпляры.Узел 2.Механизмы.Gate_ZP_2_2.Текущий режим;MasterSCADA.Attribute;;
2227053;Текущее положение;Объекты.Сигналы и экземпляры.Узел 2.Механизмы.Gate_ZP_2_2.Текущее положение;MasterSCADA.Attribute;;
2227054;Уставка;Объекты.Сигналы и экземпляры.Узел 2.Механизмы.Gate_ZP_2_2.Уставка;MasterSCADA.Attribute;;
2227055;Подпись при наведении;Объекты.Сигналы и экземпляры.Узел 2.Механизмы.Gate_ZP_2_2.Подпись при наведении;MasterSCADA.Attribute;;
2227056;Слово состояния;Объекты.Сигналы и экземпляры.Узел 2.Механизмы.Gate_ZP_2_2.Слово состояния;MasterSCADA.Attribute;;
2227057;Слово положения;Объекты.Сигналы и экземпляры.Узел 2.Механизмы.Gate_ZP_2_2.Слово положения;MasterSCADA.Attribute;;
2227058;Блокировка управления;Объекты.Сигналы и экземпляры.Узел 2.Механизмы.Gate_ZP_2_2.Блокировка управления;MasterSCADA.Attribute;;
2227059;В процессе открывания;Объекты.Сигналы и экземпляры.Узел 2.Механизмы.Gate_ZP_2_2.В процессе открывания;MasterSCADA.Attribute;;
2227060;В процессе закрывания;Объекты.Сигналы и экземпляры.Узел 2.Механизмы.Gate_ZP_2_2.В процессе закрывания;MasterSCADA.Attribute;;
2227061;Автоматический режим;Объекты.Сигналы и экземпляры.Узел 2.Механизмы.Gate_ZP_2_2.Автоматический режим;MasterSCADA.Attribute;;
2227062;Ручной режим;Объекты.Сигналы и экземпляры.Узел 2.Механизмы.Gate_ZP_2_2.Ручной режим;MasterSCADA.Attribute;;
2227063;Статус режим;Объекты.Сигналы и экземпляры.Узел 2.Механизмы.Gate_ZP_2_2.Статус режим;MasterSCADA.Attribute;;
2227064;Сброс;Объекты.Сигналы и экземпляры.Узел 2.Механизмы.Gate_ZP_2_2.Сброс;MasterSCADA.Attribute;;
2227065;Открыть;Объекты.Сигналы и экземпляры.Узел 2.Механизмы.Gate_ZP_2_2.Открыть;MasterSCADA.Attribute;;
2227066;Закрыть;Объекты.Сигналы и экземпляры.Узел 2.Механизмы.Gate_ZP_2_2.Закрыть;MasterSCADA.Attribute;;
2227067;Подтверждение уставки;Объекты.Сигналы и экземпляры.Узел 2.Механизмы.Gate_ZP_2_2.Подтверждение уставки;MasterSCADA.Attribute;;
2227068;Местный режим;Объекты.Сигналы и экземпляры.Узел 2.Механизмы.Gate_ZP_2_2.Местный режим;MasterSCADA.Attribute;;
2227069;Дистанционный режим;Объекты.Сигналы и экземпляры.Узел 2.Механизмы.Gate_ZP_2_2.Дистанционный режим;MasterSCADA.Attribute;;
2227070;Регулируемая_НеРегулируемая;Объекты.Сигналы и экземпляры.Узел 2.Механизмы.Gate_ZP_2_2.Регулируемая_НеРегулируемая;MasterSCADA.Attribute;;
2227071;Ключ управления;Объекты.Сигналы и экземпляры.Узел 2.Механизмы.Gate_ZP_2_2.Ключ управления;MasterSCADA.Attribute;;
2227084;Название механизма;Объекты.Сигналы и экземпляры.Узел 2.Механизмы.Gate_ZP_2_3.Название механизма;MasterSCADA.Attribute;;
2227085;Текущий режим;Объекты.Сигналы и экземпляры.Узел 2.Механизмы.Gate_ZP_2_3.Текущий режим;MasterSCADA.Attribute;;
2227086;Текущее положение;Объекты.Сигналы и экземпляры.Узел 2.Механизмы.Gate_ZP_2_3.Текущее положение;MasterSCADA.Attribute;;
2227087;Уставка;Объекты.Сигналы и экземпляры.Узел 2.Механизмы.Gate_ZP_2_3.Уставка;MasterSCADA.Attribute;;
2227088;Подпись при наведении;Объекты.Сигналы и экземпляры.Узел 2.Механизмы.Gate_ZP_2_3.Подпись при наведении;MasterSCADA.Attribute;;
2227089;Слово состояния;Объекты.Сигналы и экземпляры.Узел 2.Механизмы.Gate_ZP_2_3.Слово состояния;MasterSCADA.Attribute;;
2227090;Слово положения;Объекты.Сигналы и экземпляры.Узел 2.Механизмы.Gate_ZP_2_3.Слово положения;MasterSCADA.Attribute;;
2227091;Блокировка управления;Объекты.Сигналы и экземпляры.Узел 2.Механизмы.Gate_ZP_2_3.Блокировка управления;MasterSCADA.Attribute;;
2227092;В процессе открывания;Объекты.Сигналы и экземпляры.Узел 2.Механизмы.Gate_ZP_2_3.В процессе открывания;MasterSCADA.Attribute;;
2227093;В процессе закрывания;Объекты.Сигналы и экземпляры.Узел 2.Механизмы.Gate_ZP_2_3.В процессе закрывания;MasterSCADA.Attribute;;
2227094;Автоматический режим;Объекты.Сигналы и экземпляры.Узел 2.Механизмы.Gate_ZP_2_3.Автоматический режим;MasterSCADA.Attribute;;
2227095;Ручной режим;Объекты.Сигналы и экземпляры.Узел 2.Механизмы.Gate_ZP_2_3.Ручной режим;MasterSCADA.Attribute;;
2227096;Статус режим;Объекты.Сигналы и экземпляры.Узел 2.Механизмы.Gate_ZP_2_3.Статус режим;MasterSCADA.Attribute;;
2227097;Сброс;Объекты.Сигналы и экземпляры.Узел 2.Механизмы.Gate_ZP_2_3.Сброс;MasterSCADA.Attribute;;
2227098;Открыть;Объекты.Сигналы и экземпляры.Узел 2.Механизмы.Gate_ZP_2_3.Открыть;MasterSCADA.Attribute;;
2227099;Закрыть;Объекты.Сигналы и экземпляры.Узел 2.Механизмы.Gate_ZP_2_3.Закрыть;MasterSCADA.Attribute;;
2227100;Подтверждение уставки;Объекты.Сигналы и экземпляры.Узел 2.Механизмы.Gate_ZP_2_3.Подтверждение уставки;MasterSCADA.Attribute;;
2227101;Местный режим;Объекты.Сигналы и экземпляры.Узел 2.Механизмы.Gate_ZP_2_3.Местный режим;MasterSCADA.Attribute;;
2227102;Дистанционный режим;Объекты.Сигналы и экземпляры.Узел 2.Механизмы.Gate_ZP_2_3.Дистанционный режим;MasterSCADA.Attribute;;
2227103;Регулируемая_НеРегулируемая;Объекты.Сигналы и экземпляры.Узел 2.Механизмы.Gate_ZP_2_3.Регулируемая_НеРегулируемая;MasterSCADA.Attribute;;
2227104;Ключ управления;Объекты.Сигналы и экземпляры.Узел 2.Механизмы.Gate_ZP_2_3.Ключ управления;MasterSCADA.Attribute;;
2227117;Название механизма;Объекты.Сигналы и экземпляры.Узел 2.Механизмы.Gate_ZP_2_4.Название механизма;MasterSCADA.Attribute;;
2227118;Текущий режим;Объекты.Сигналы и экземпляры.Узел 2.Механизмы.Gate_ZP_2_4.Текущий режим;MasterSCADA.Attribute;;
2227119;Текущее положение;Объекты.Сигналы и экземпляры.Узел 2.Механизмы.Gate_ZP_2_4.Текущее положение;MasterSCADA.Attribute;;
2227120;Уставка;Объекты.Сигналы и экземпляры.Узел 2.Механизмы.Gate_ZP_2_4.Уставка;MasterSCADA.Attribute;;
2227121;Подпись при наведении;Объекты.Сигналы и экземпляры.Узел 2.Механизмы.Gate_ZP_2_4.Подпись при наведении;MasterSCADA.Attribute;;
2227122;Слово состояния;Объекты.Сигналы и экземпляры.Узел 2.Механизмы.Gate_ZP_2_4.Слово состояния;MasterSCADA.Attribute;;
2227123;Слово положения;Объекты.Сигналы и экземпляры.Узел 2.Механизмы.Gate_ZP_2_4.Слово положения;MasterSCADA.Attribute;;
2227124;Блокировка управления;Объекты.Сигналы и экземпляры.Узел 2.Механизмы.Gate_ZP_2_4.Блокировка управления;MasterSCADA.Attribute;;
2227125;В процессе открывания;Объекты.Сигналы и экземпляры.Узел 2.Механизмы.Gate_ZP_2_4.В процессе открывания;MasterSCADA.Attribute;;
2227126;В процессе закрывания;Объекты.Сигналы и экземпляры.Узел 2.Механизмы.Gate_ZP_2_4.В процессе закрывания;MasterSCADA.Attribute;;
2227127;Автоматический режим;Объекты.Сигналы и экземпляры.Узел 2.Механизмы.Gate_ZP_2_4.Автоматический режим;MasterSCADA.Attribute;;
2227128;Ручной режим;Объекты.Сигналы и экземпляры.Узел 2.Механизмы.Gate_ZP_2_4.Ручной режим;MasterSCADA.Attribute;;
2227129;Статус режим;Объекты.Сигналы и экземпляры.Узел 2.Механизмы.Gate_ZP_2_4.Статус режим;MasterSCADA.Attribute;;
2227130;Сброс;Объекты.Сигналы и экземпляры.Узел 2.Механизмы.Gate_ZP_2_4.Сброс;MasterSCADA.Attribute;;
2227131;Открыть;Объекты.Сигналы и экземпляры.Узел 2.Механизмы.Gate_ZP_2_4.Открыть;MasterSCADA.Attribute;;
2227132;Закрыть;Объекты.Сигналы и экземпляры.Узел 2.Механизмы.Gate_ZP_2_4.Закрыть;MasterSCADA.Attribute;;
2227133;Подтверждение уставки;Объекты.Сигналы и экземпляры.Узел 2.Механизмы.Gate_ZP_2_4.Подтверждение уставки;MasterSCADA.Attribute;;
2227134;Местный режим;Объекты.Сигналы и экземпляры.Узел 2.Механизмы.Gate_ZP_2_4.Местный режим;MasterSCADA.Attribute;;
2227135;Дистанционный режим;Объекты.Сигналы и экземпляры.Узел 2.Механизмы.Gate_ZP_2_4.Дистанционный режим;MasterSCADA.Attribute;;
2227136;Регулируемая_НеРегулируемая;Объекты.Сигналы и экземпляры.Узел 2.Механизмы.Gate_ZP_2_4.Регулируемая_НеРегулируемая;MasterSCADA.Attribute;;
2227137;Ключ управления;Объекты.Сигналы и экземпляры.Узел 2.Механизмы.Gate_ZP_2_4.Ключ управления;MasterSCADA.Attribute;;
2227150;Название механизма;Объекты.Сигналы и экземпляры.Узел 2.Механизмы.Gate_ZP_2_5.Название механизма;MasterSCADA.Attribute;;
2227151;Текущий режим;Объекты.Сигналы и экземпляры.Узел 2.Механизмы.Gate_ZP_2_5.Текущий режим;MasterSCADA.Attribute;;
2227152;Текущее положение;Объекты.Сигналы и экземпляры.Узел 2.Механизмы.Gate_ZP_2_5.Текущее положение;MasterSCADA.Attribute;;
2227153;Уставка;Объекты.Сигналы и экземпляры.Узел 2.Механизмы.Gate_ZP_2_5.Уставка;MasterSCADA.Attribute;;
2227154;Подпись при наведении;Объекты.Сигналы и экземпляры.Узел 2.Механизмы.Gate_ZP_2_5.Подпись при наведении;MasterSCADA.Attribute;;
2227155;Слово состояния;Объекты.Сигналы и экземпляры.Узел 2.Механизмы.Gate_ZP_2_5.Слово состояния;MasterSCADA.Attribute;;
2227156;Слово положения;Объекты.Сигналы и экземпляры.Узел 2.Механизмы.Gate_ZP_2_5.Слово положения;MasterSCADA.Attribute;;
2227157;Блокировка управления;Объекты.Сигналы и экземпляры.Узел 2.Механизмы.Gate_ZP_2_5.Блокировка управления;MasterSCADA.Attribute;;
2227158;В процессе открывания;Объекты.Сигналы и экземпляры.Узел 2.Механизмы.Gate_ZP_2_5.В процессе открывания;MasterSCADA.Attribute;;
2227159;В процессе закрывания;Объекты.Сигналы и экземпляры.Узел 2.Механизмы.Gate_ZP_2_5.В процессе закрывания;MasterSCADA.Attribute;;
2227160;Автоматический режим;Объекты.Сигналы и экземпляры.Узел 2.Механизмы.Gate_ZP_2_5.Автоматический режим;MasterSCADA.Attribute;;
2227161;Ручной режим;Объекты.Сигналы и экземпляры.Узел 2.Механизмы.Gate_ZP_2_5.Ручной режим;MasterSCADA.Attribute;;
2227162;Статус режим;Объекты.Сигналы и экземпляры.Узел 2.Механизмы.Gate_ZP_2_5.Статус режим;MasterSCADA.Attribute;;
2227163;Сброс;Объекты.Сигналы и экземпляры.Узел 2.Механизмы.Gate_ZP_2_5.Сброс;MasterSCADA.Attribute;;
2227164;Открыть;Объекты.Сигналы и экземпляры.Узел 2.Механизмы.Gate_ZP_2_5.Открыть;MasterSCADA.Attribute;;
2227165;Закрыть;Объекты.Сигналы и экземпляры.Узел 2.Механизмы.Gate_ZP_2_5.Закрыть;MasterSCADA.Attribute;;
2227166;Подтверждение уставки;Объекты.Сигналы и экземпляры.Узел 2.Механизмы.Gate_ZP_2_5.Подтверждение уставки;MasterSCADA.Attribute;;
2227167;Местный режим;Объекты.Сигналы и экземпляры.Узел 2.Механизмы.Gate_ZP_2_5.Местный режим;MasterSCADA.Attribute;;
2227168;Дистанционный режим;Объекты.Сигналы и экземпляры.Узел 2.Механизмы.Gate_ZP_2_5.Дистанционный режим;MasterSCADA.Attribute;;
2227169;Регулируемая_НеРегулируемая;Объекты.Сигналы и экземпляры.Узел 2.Механизмы.Gate_ZP_2_5.Регулируемая_НеРегулируемая;MasterSCADA.Attribute;;
2227170;Ключ управления;Объекты.Сигналы и экземпляры.Узел 2.Механизмы.Gate_ZP_2_5.Ключ управления;MasterSCADA.Attribute;;
2227183;Название механизма;Объекты.Сигналы и экземпляры.Узел 2.Механизмы.Gate_ZP_2_6.Название механизма;MasterSCADA.Attribute;;
2227184;Текущий режим;Объекты.Сигналы и экземпляры.Узел 2.Механизмы.Gate_ZP_2_6.Текущий режим;MasterSCADA.Attribute;;
2227185;Текущее положение;Объекты.Сигналы и экземпляры.Узел 2.Механизмы.Gate_ZP_2_6.Текущее положение;MasterSCADA.Attribute;;
2227186;Уставка;Объекты.Сигналы и экземпляры.Узел 2.Механизмы.Gate_ZP_2_6.Уставка;MasterSCADA.Attribute;;
2227187;Подпись при наведении;Объекты.Сигналы и экземпляры.Узел 2.Механизмы.Gate_ZP_2_6.Подпись при наведении;MasterSCADA.Attribute;;
2227188;Слово состояния;Объекты.Сигналы и экземпляры.Узел 2.Механизмы.Gate_ZP_2_6.Слово состояния;MasterSCADA.Attribute;;
2227189;Слово положения;Объекты.Сигналы и экземпляры.Узел 2.Механизмы.Gate_ZP_2_6.Слово положения;MasterSCADA.Attribute;;
2227190;Блокировка управления;Объекты.Сигналы и экземпляры.Узел 2.Механизмы.Gate_ZP_2_6.Блокировка управления;MasterSCADA.Attribute;;
2227191;В процессе открывания;Объекты.Сигналы и экземпляры.Узел 2.Механизмы.Gate_ZP_2_6.В процессе открывания;MasterSCADA.Attribute;;
2227192;В процессе закрывания;Объекты.Сигналы и экземпляры.Узел 2.Механизмы.Gate_ZP_2_6.В процессе закрывания;MasterSCADA.Attribute;;
2227193;Автоматический режим;Объекты.Сигналы и экземпляры.Узел 2.Механизмы.Gate_ZP_2_6.Автоматический режим;MasterSCADA.Attribute;;
2227194;Ручной режим;Объекты.Сигналы и экземпляры.Узел 2.Механизмы.Gate_ZP_2_6.Ручной режим;MasterSCADA.Attribute;;
2227195;Статус режим;Объекты.Сигналы и экземпляры.Узел 2.Механизмы.Gate_ZP_2_6.Статус режим;MasterSCADA.Attribute;;
2227196;Сброс;Объекты.Сигналы и экземпляры.Узел 2.Механизмы.Gate_ZP_2_6.Сброс;MasterSCADA.Attribute;;
2227197;Открыть;Объекты.Сигналы и экземпляры.Узел 2.Механизмы.Gate_ZP_2_6.Открыть;MasterSCADA.Attribute;;
2227198;Закрыть;Объекты.Сигналы и экземпляры.Узел 2.Механизмы.Gate_ZP_2_6.Закрыть;MasterSCADA.Attribute;;
2227199;Подтверждение уставки;Объекты.Сигналы и экземпляры.Узел 2.Механизмы.Gate_ZP_2_6.Подтверждение уставки;MasterSCADA.Attribute;;
2227200;Местный режим;Объекты.Сигналы и экземпляры.Узел 2.Механизмы.Gate_ZP_2_6.Местный режим;MasterSCADA.Attribute;;
2227201;Дистанционный режим;Объекты.Сигналы и экземпляры.Узел 2.Механизмы.Gate_ZP_2_6.Дистанционный режим;MasterSCADA.Attribute;;
2227202;Регулируемая_НеРегулируемая;Объекты.Сигналы и экземпляры.Узел 2.Механизмы.Gate_ZP_2_6.Регулируемая_НеРегулируемая;MasterSCADA.Attribute;;
2227203;Ключ управления;Объекты.Сигналы и экземпляры.Узел 2.Механизмы.Gate_ZP_2_6.Ключ управления;MasterSCADA.Attribute;;
2227216;Название механизма;Объекты.Сигналы и экземпляры.Узел 2.Механизмы.Gate_ZSH_2_7.Название механизма;MasterSCADA.Attribute;;
2227217;Текущий режим;Объекты.Сигналы и экземпляры.Узел 2.Механизмы.Gate_ZSH_2_7.Текущий режим;MasterSCADA.Attribute;;
2227218;Текущее положение;Объекты.Сигналы и экземпляры.Узел 2.Механизмы.Gate_ZSH_2_7.Текущее положение;MasterSCADA.Attribute;;
2227219;Уставка;Объекты.Сигналы и экземпляры.Узел 2.Механизмы.Gate_ZSH_2_7.Уставка;MasterSCADA.Attribute;;
2227220;Подпись при наведении;Объекты.Сигналы и экземпляры.Узел 2.Механизмы.Gate_ZSH_2_7.Подпись при наведении;MasterSCADA.Attribute;;
2227221;Слово состояния;Объекты.Сигналы и экземпляры.Узел 2.Механизмы.Gate_ZSH_2_7.Слово состояния;MasterSCADA.Attribute;;
2227222;Слово положения;Объекты.Сигналы и экземпляры.Узел 2.Механизмы.Gate_ZSH_2_7.Слово положения;MasterSCADA.Attribute;;
2227223;Блокировка управления;Объекты.Сигналы и экземпляры.Узел 2.Механизмы.Gate_ZSH_2_7.Блокировка управления;MasterSCADA.Attribute;;
2227224;В процессе открывания;Объекты.Сигналы и экземпляры.Узел 2.Механизмы.Gate_ZSH_2_7.В процессе открывания;MasterSCADA.Attribute;;
2227225;В процессе закрывания;Объекты.Сигналы и экземпляры.Узел 2.Механизмы.Gate_ZSH_2_7.В процессе закрывания;MasterSCADA.Attribute;;
2227226;Автоматический режим;Объекты.Сигналы и экземпляры.Узел 2.Механизмы.Gate_ZSH_2_7.Автоматический режим;MasterSCADA.Attribute;;
2227227;Ручной режим;Объекты.Сигналы и экземпляры.Узел 2.Механизмы.Gate_ZSH_2_7.Ручной режим;MasterSCADA.Attribute;;
2227228;Статус режим;Объекты.Сигналы и экземпляры.Узел 2.Механизмы.Gate_ZSH_2_7.Статус режим;MasterSCADA.Attribute;;
2227229;Сброс;Объекты.Сигналы и экземпляры.Узел 2.Механизмы.Gate_ZSH_2_7.Сброс;MasterSCADA.Attribute;;
2227230;Открыть;Объекты.Сигналы и экземпляры.Узел 2.Механизмы.Gate_ZSH_2_7.Открыть;MasterSCADA.Attribute;;
2227231;Закрыть;Объекты.Сигналы и экземпляры.Узел 2.Механизмы.Gate_ZSH_2_7.Закрыть;MasterSCADA.Attribute;;
2227232;Подтверждение уставки;Объекты.Сигналы и экземпляры.Узел 2.Механизмы.Gate_ZSH_2_7.Подтверждение уставки;MasterSCADA.Attribute;;
2227233;Местный режим;Объекты.Сигналы и экземпляры.Узел 2.Механизмы.Gate_ZSH_2_7.Местный режим;MasterSCADA.Attribute;;
2227234;Дистанционный режим;Объекты.Сигналы и экземпляры.Узел 2.Механизмы.Gate_ZSH_2_7.Дистанционный режим;MasterSCADA.Attribute;;
2227235;Регулируемая_НеРегулируемая;Объекты.Сигналы и экземпляры.Узел 2.Механизмы.Gate_ZSH_2_7.Регулируемая_НеРегулируемая;MasterSCADA.Attribute;;
2227236;Ключ управления;Объекты.Сигналы и экземпляры.Узел 2.Механизмы.Gate_ZSH_2_7.Ключ управления;MasterSCADA.Attribute;;
2227249;Название механизма;Объекты.Сигналы и экземпляры.Узел 2.Механизмы.Gate_ZSH_2_8.Название механизма;MasterSCADA.Attribute;;
2227250;Текущий режим;Объекты.Сигналы и экземпляры.Узел 2.Механизмы.Gate_ZSH_2_8.Текущий режим;MasterSCADA.Attribute;;
2227251;Текущее положение;Объекты.Сигналы и экземпляры.Узел 2.Механизмы.Gate_ZSH_2_8.Текущее положение;MasterSCADA.Attribute;;
2227252;Уставка;Объекты.Сигналы и экземпляры.Узел 2.Механизмы.Gate_ZSH_2_8.Уставка;MasterSCADA.Attribute;;
2227253;Подпись при наведении;Объекты.Сигналы и экземпляры.Узел 2.Механизмы.Gate_ZSH_2_8.Подпись при наведении;MasterSCADA.Attribute;;
2227254;Слово состояния;Объекты.Сигналы и экземпляры.Узел 2.Механизмы.Gate_ZSH_2_8.Слово состояния;MasterSCADA.Attribute;;
2227255;Слово положения;Объекты.Сигналы и экземпляры.Узел 2.Механизмы.Gate_ZSH_2_8.Слово положения;MasterSCADA.Attribute;;
2227256;Блокировка управления;Объекты.Сигналы и экземпляры.Узел 2.Механизмы.Gate_ZSH_2_8.Блокировка управления;MasterSCADA.Attribute;;
2227257;В процессе открывания;Объекты.Сигналы и экземпляры.Узел 2.Механизмы.Gate_ZSH_2_8.В процессе открывания;MasterSCADA.Attribute;;
2227258;В процессе закрывания;Объекты.Сигналы и экземпляры.Узел 2.Механизмы.Gate_ZSH_2_8.В процессе закрывания;MasterSCADA.Attribute;;
2227259;Автоматический режим;Объекты.Сигналы и экземпляры.Узел 2.Механизмы.Gate_ZSH_2_8.Автоматический режим;MasterSCADA.Attribute;;
2227260;Ручной режим;Объекты.Сигналы и экземпляры.Узел 2.Механизмы.Gate_ZSH_2_8.Ручной режим;MasterSCADA.Attribute;;
2227261;Статус режим;Объекты.Сигналы и экземпляры.Узел 2.Механизмы.Gate_ZSH_2_8.Статус режим;MasterSCADA.Attribute;;
2227262;Сброс;Объекты.Сигналы и экземпляры.Узел 2.Механизмы.Gate_ZSH_2_8.Сброс;MasterSCADA.Attribute;;
2227263;Открыть;Объекты.Сигналы и экземпляры.Узел 2.Механизмы.Gate_ZSH_2_8.Открыть;MasterSCADA.Attribute;;
2227264;Закрыть;Объекты.Сигналы и экземпляры.Узел 2.Механизмы.Gate_ZSH_2_8.Закрыть;MasterSCADA.Attribute;;
2227265;Подтверждение уставки;Объекты.Сигналы и экземпляры.Узел 2.Механизмы.Gate_ZSH_2_8.Подтверждение уставки;MasterSCADA.Attribute;;
2227266;Местный режим;Объекты.Сигналы и экземпляры.Узел 2.Механизмы.Gate_ZSH_2_8.Местный режим;MasterSCADA.Attribute;;
2227267;Дистанционный режим;Объекты.Сигналы и экземпляры.Узел 2.Механизмы.Gate_ZSH_2_8.Дистанционный режим;MasterSCADA.Attribute;;
2227268;Регулируемая_НеРегулируемая;Объекты.Сигналы и экземпляры.Узел 2.Механизмы.Gate_ZSH_2_8.Регулируемая_НеРегулируемая;MasterSCADA.Attribute;;
2227269;Ключ управления;Объекты.Сигналы и экземпляры.Узел 2.Механизмы.Gate_ZSH_2_8.Ключ управления;MasterSCADA.Attribute;;
2227282;Название механизма;Объекты.Сигналы и экземпляры.Узел 2.Механизмы.Gate_ZSH_2_9.Название механизма;MasterSCADA.Attribute;;
2227283;Текущий режим;Объекты.Сигналы и экземпляры.Узел 2.Механизмы.Gate_ZSH_2_9.Текущий режим;MasterSCADA.Attribute;;
2227284;Текущее положение;Объекты.Сигналы и экземпляры.Узел 2.Механизмы.Gate_ZSH_2_9.Текущее положение;MasterSCADA.Attribute;;
2227285;Уставка;Объекты.Сигналы и экземпляры.Узел 2.Механизмы.Gate_ZSH_2_9.Уставка;MasterSCADA.Attribute;;
2227286;Подпись при наведении;Объекты.Сигналы и экземпляры.Узел 2.Механизмы.Gate_ZSH_2_9.Подпись при наведении;MasterSCADA.Attribute;;
2227287;Слово состояния;Объекты.Сигналы и экземпляры.Узел 2.Механизмы.Gate_ZSH_2_9.Слово состояния;MasterSCADA.Attribute;;
2227288;Слово положения;Объекты.Сигналы и экземпляры.Узел 2.Механизмы.Gate_ZSH_2_9.Слово положения;MasterSCADA.Attribute;;
2227289;Блокировка управления;Объекты.Сигналы и экземпляры.Узел 2.Механизмы.Gate_ZSH_2_9.Блокировка управления;MasterSCADA.Attribute;;
2227290;В процессе открывания;Объекты.Сигналы и экземпляры.Узел 2.Механизмы.Gate_ZSH_2_9.В процессе открывания;MasterSCADA.Attribute;;
2227291;В процессе закрывания;Объекты.Сигналы и экземпляры.Узел 2.Механизмы.Gate_ZSH_2_9.В процессе закрывания;MasterSCADA.Attribute;;
2227292;Автоматический режим;Объекты.Сигналы и экземпляры.Узел 2.Механизмы.Gate_ZSH_2_9.Автоматический режим;MasterSCADA.Attribute;;
2227293;Ручной режим;Объекты.Сигналы и экземпляры.Узел 2.Механизмы.Gate_ZSH_2_9.Ручной режим;MasterSCADA.Attribute;;
2227294;Статус режим;Объекты.Сигналы и экземпляры.Узел 2.Механизмы.Gate_ZSH_2_9.Статус режим;MasterSCADA.Attribute;;
2227295;Сброс;Объекты.Сигналы и экземпляры.Узел 2.Механизмы.Gate_ZSH_2_9.Сброс;MasterSCADA.Attribute;;
2227296;Открыть;Объекты.Сигналы и экземпляры.Узел 2.Механизмы.Gate_ZSH_2_9.Открыть;MasterSCADA.Attribute;;
2227297;Закрыть;Объекты.Сигналы и экземпляры.Узел 2.Механизмы.Gate_ZSH_2_9.Закрыть;MasterSCADA.Attribute;;
2227298;Подтверждение уставки;Объекты.Сигналы и экземпляры.Узел 2.Механизмы.Gate_ZSH_2_9.Подтверждение уставки;MasterSCADA.Attribute;;
2227299;Местный режим;Объекты.Сигналы и экземпляры.Узел 2.Механизмы.Gate_ZSH_2_9.Местный режим;MasterSCADA.Attribute;;
2227300;Дистанционный режим;Объекты.Сигналы и экземпляры.Узел 2.Механизмы.Gate_ZSH_2_9.Дистанционный режим;MasterSCADA.Attribute;;
2227301;Регулируемая_НеРегулируемая;Объекты.Сигналы и экземпляры.Узел 2.Механизмы.Gate_ZSH_2_9.Регулируемая_НеРегулируемая;MasterSCADA.Attribute;;
2227302;Ключ управления;Объекты.Сигналы и экземпляры.Узел 2.Механизмы.Gate_ZSH_2_9.Ключ управления;MasterSCADA.Attribute;;
2227315;Название механизма;Объекты.Сигналы и экземпляры.Узел 2.Механизмы.Gate_ZSH_2_10.Название механизма;MasterSCADA.Attribute;;
2227316;Текущий режим;Объекты.Сигналы и экземпляры.Узел 2.Механизмы.Gate_ZSH_2_10.Текущий режим;MasterSCADA.Attribute;;
2227317;Текущее положение;Объекты.Сигналы и экземпляры.Узел 2.Механизмы.Gate_ZSH_2_10.Текущее положение;MasterSCADA.Attribute;;
2227318;Уставка;Объекты.Сигналы и экземпляры.Узел 2.Механизмы.Gate_ZSH_2_10.Уставка;MasterSCADA.Attribute;;
2227319;Подпись при наведении;Объекты.Сигналы и экземпляры.Узел 2.Механизмы.Gate_ZSH_2_10.Подпись при наведении;MasterSCADA.Attribute;;
2227320;Слово состояния;Объекты.Сигналы и экземпляры.Узел 2.Механизмы.Gate_ZSH_2_10.Слово состояния;MasterSCADA.Attribute;;
2227321;Слово положения;Объекты.Сигналы и экземпляры.Узел 2.Механизмы.Gate_ZSH_2_10.Слово положения;MasterSCADA.Attribute;;
2227322;Блокировка управления;Объекты.Сигналы и экземпляры.Узел 2.Механизмы.Gate_ZSH_2_10.Блокировка управления;MasterSCADA.Attribute;;
2227323;В процессе открывания;Объекты.Сигналы и экземпляры.Узел 2.Механизмы.Gate_ZSH_2_10.В процессе открывания;MasterSCADA.Attribute;;
2227324;В процессе закрывания;Объекты.Сигналы и экземпляры.Узел 2.Механизмы.Gate_ZSH_2_10.В процессе закрывания;MasterSCADA.Attribute;;
2227325;Автоматический режим;Объекты.Сигналы и экземпляры.Узел 2.Механизмы.Gate_ZSH_2_10.Автоматический режим;MasterSCADA.Attribute;;
2227326;Ручной режим;Объекты.Сигналы и экземпляры.Узел 2.Механизмы.Gate_ZSH_2_10.Ручной режим;MasterSCADA.Attribute;;
2227327;Статус режим;Объекты.Сигналы и экземпляры.Узел 2.Механизмы.Gate_ZSH_2_10.Статус режим;MasterSCADA.Attribute;;
2227328;Сброс;Объекты.Сигналы и экземпляры.Узел 2.Механизмы.Gate_ZSH_2_10.Сброс;MasterSCADA.Attribute;;
2227329;Открыть;Объекты.Сигналы и экземпляры.Узел 2.Механизмы.Gate_ZSH_2_10.Открыть;MasterSCADA.Attribute;;
2227330;Закрыть;Объекты.Сигналы и экземпляры.Узел 2.Механизмы.Gate_ZSH_2_10.Закрыть;MasterSCADA.Attribute;;
2227331;Подтверждение уставки;Объекты.Сигналы и экземпляры.Узел 2.Механизмы.Gate_ZSH_2_10.Подтверждение уставки;MasterSCADA.Attribute;;
2227332;Местный режим;Объекты.Сигналы и экземпляры.Узел 2.Механизмы.Gate_ZSH_2_10.Местный режим;MasterSCADA.Attribute;;
2227333;Дистанционный режим;Объекты.Сигналы и экземпляры.Узел 2.Механизмы.Gate_ZSH_2_10.Дистанционный режим;MasterSCADA.Attribute;;
2227334;Регулируемая_НеРегулируемая;Объекты.Сигналы и экземпляры.Узел 2.Механизмы.Gate_ZSH_2_10.Регулируемая_НеРегулируемая;MasterSCADA.Attribute;;
2227335;Ключ управления;Объекты.Сигналы и экземпляры.Узел 2.Механизмы.Gate_ZSH_2_10.Ключ управления;MasterSCADA.Attribute;;
2227348;Название механизма;Объекты.Сигналы и экземпляры.Узел 2.Механизмы.Gate_ZSH_2_11.Название механизма;MasterSCADA.Attribute;;
2227349;Текущий режим;Объекты.Сигналы и экземпляры.Узел 2.Механизмы.Gate_ZSH_2_11.Текущий режим;MasterSCADA.Attribute;;
2227350;Текущее положение;Объекты.Сигналы и экземпляры.Узел 2.Механизмы.Gate_ZSH_2_11.Текущее положение;MasterSCADA.Attribute;;
2227351;Уставка;Объекты.Сигналы и экземпляры.Узел 2.Механизмы.Gate_ZSH_2_11.Уставка;MasterSCADA.Attribute;;
2227352;Подпись при наведении;Объекты.Сигналы и экземпляры.Узел 2.Механизмы.Gate_ZSH_2_11.Подпись при наведении;MasterSCADA.Attribute;;
2227353;Слово состояния;Объекты.Сигналы и экземпляры.Узел 2.Механизмы.Gate_ZSH_2_11.Слово состояния;MasterSCADA.Attribute;;
2227354;Слово положения;Объекты.Сигналы и экземпляры.Узел 2.Механизмы.Gate_ZSH_2_11.Слово положения;MasterSCADA.Attribute;;
2227355;Блокировка управления;Объекты.Сигналы и экземпляры.Узел 2.Механизмы.Gate_ZSH_2_11.Блокировка управления;MasterSCADA.Attribute;;
2227356;В процессе открывания;Объекты.Сигналы и экземпляры.Узел 2.Механизмы.Gate_ZSH_2_11.В процессе открывания;MasterSCADA.Attribute;;
2227357;В процессе закрывания;Объекты.Сигналы и экземпляры.Узел 2.Механизмы.Gate_ZSH_2_11.В процессе закрывания;MasterSCADA.Attribute;;
2227358;Автоматический режим;Объекты.Сигналы и экземпляры.Узел 2.Механизмы.Gate_ZSH_2_11.Автоматический режим;MasterSCADA.Attribute;;
2227359;Ручной режим;Объекты.Сигналы и экземпляры.Узел 2.Механизмы.Gate_ZSH_2_11.Ручной режим;MasterSCADA.Attribute;;
2227360;Статус режим;Объекты.Сигналы и экземпляры.Узел 2.Механизмы.Gate_ZSH_2_11.Статус режим;MasterSCADA.Attribute;;
2227361;Сброс;Объекты.Сигналы и экземпляры.Узел 2.Механизмы.Gate_ZSH_2_11.Сброс;MasterSCADA.Attribute;;
2227362;Открыть;Объекты.Сигналы и экземпляры.Узел 2.Механизмы.Gate_ZSH_2_11.Открыть;MasterSCADA.Attribute;;
2227363;Закрыть;Объекты.Сигналы и экземпляры.Узел 2.Механизмы.Gate_ZSH_2_11.Закрыть;MasterSCADA.Attribute;;
2227364;Подтверждение уставки;Объекты.Сигналы и экземпляры.Узел 2.Механизмы.Gate_ZSH_2_11.Подтверждение уставки;MasterSCADA.Attribute;;
2227365;Местный режим;Объекты.Сигналы и экземпляры.Узел 2.Механизмы.Gate_ZSH_2_11.Местный режим;MasterSCADA.Attribute;;
2227366;Дистанционный режим;Объекты.Сигналы и экземпляры.Узел 2.Механизмы.Gate_ZSH_2_11.Дистанционный режим;MasterSCADA.Attribute;;
2227367;Регулируемая_НеРегулируемая;Объекты.Сигналы и экземпляры.Узел 2.Механизмы.Gate_ZSH_2_11.Регулируемая_НеРегулируемая;MasterSCADA.Attribute;;
2227368;Ключ управления;Объекты.Сигналы и экземпляры.Узел 2.Механизмы.Gate_ZSH_2_11.Ключ управления;MasterSCADA.Attribute;;
2227381;Название механизма;Объекты.Сигналы и экземпляры.Узел 2.Механизмы.Gate_ZSH_2_12.Название механизма;MasterSCADA.Attribute;;
2227382;Текущий режим;Объекты.Сигналы и экземпляры.Узел 2.Механизмы.Gate_ZSH_2_12.Текущий режим;MasterSCADA.Attribute;;
2227383;Текущее положение;Объекты.Сигналы и экземпляры.Узел 2.Механизмы.Gate_ZSH_2_12.Текущее положение;MasterSCADA.Attribute;;
2227384;Уставка;Объекты.Сигналы и экземпляры.Узел 2.Механизмы.Gate_ZSH_2_12.Уставка;MasterSCADA.Attribute;;
2227385;Подпись при наведении;Объекты.Сигналы и экземпляры.Узел 2.Механизмы.Gate_ZSH_2_12.Подпись при наведении;MasterSCADA.Attribute;;
2227386;Слово состояния;Объекты.Сигналы и экземпляры.Узел 2.Механизмы.Gate_ZSH_2_12.Слово состояния;MasterSCADA.Attribute;;
2227387;Слово положения;Объекты.Сигналы и экземпляры.Узел 2.Механизмы.Gate_ZSH_2_12.Слово положения;MasterSCADA.Attribute;;
2227388;Блокировка управления;Объекты.Сигналы и экземпляры.Узел 2.Механизмы.Gate_ZSH_2_12.Блокировка управления;MasterSCADA.Attribute;;
2227389;В процессе открывания;Объекты.Сигналы и экземпляры.Узел 2.Механизмы.Gate_ZSH_2_12.В процессе открывания;MasterSCADA.Attribute;;
2227390;В процессе закрывания;Объекты.Сигналы и экземпляры.Узел 2.Механизмы.Gate_ZSH_2_12.В процессе закрывания;MasterSCADA.Attribute;;
2227391;Автоматический режим;Объекты.Сигналы и экземпляры.Узел 2.Механизмы.Gate_ZSH_2_12.Автоматический режим;MasterSCADA.Attribute;;
2227392;Ручной режим;Объекты.Сигналы и экземпляры.Узел 2.Механизмы.Gate_ZSH_2_12.Ручной режим;MasterSCADA.Attribute;;
2227393;Статус режим;Объекты.Сигналы и экземпляры.Узел 2.Механизмы.Gate_ZSH_2_12.Статус режим;MasterSCADA.Attribute;;
2227394;Сброс;Объекты.Сигналы и экземпляры.Узел 2.Механизмы.Gate_ZSH_2_12.Сброс;MasterSCADA.Attribute;;
2227395;Открыть;Объекты.Сигналы и экземпляры.Узел 2.Механизмы.Gate_ZSH_2_12.Открыть;MasterSCADA.Attribute;;
2227396;Закрыть;Объекты.Сигналы и экземпляры.Узел 2.Механизмы.Gate_ZSH_2_12.Закрыть;MasterSCADA.Attribute;;
2227397;Подтверждение уставки;Объекты.Сигналы и экземпляры.Узел 2.Механизмы.Gate_ZSH_2_12.Подтверждение уставки;MasterSCADA.Attribute;;
2227398;Местный режим;Объекты.Сигналы и экземпляры.Узел 2.Механизмы.Gate_ZSH_2_12.Местный режим;MasterSCADA.Attribute;;
2227399;Дистанционный режим;Объекты.Сигналы и экземпляры.Узел 2.Механизмы.Gate_ZSH_2_12.Дистанционный режим;MasterSCADA.Attribute;;
2227400;Регулируемая_НеРегулируемая;Объекты.Сигналы и экземпляры.Узел 2.Механизмы.Gate_ZSH_2_12.Регулируемая_НеРегулируемая;MasterSCADA.Attribute;;
2227401;Ключ управления;Объекты.Сигналы и экземпляры.Узел 2.Механизмы.Gate_ZSH_2_12.Ключ управления;MasterSCADA.Attribute;;
